{
  "Total" : {
    "transaction" : "Total",
    "sampleCount" : 3000,
    "errorCount" : 1,
    "errorPct" : 0.033333335,
    "meanResTime" : 2521.946333333333,
    "medianResTime" : 367.0,
    "minResTime" : 271.0,
    "maxResTime" : 22575.0,
    "pct1ResTime" : 7881.8,
    "pct2ResTime" : 8553.75,
    "pct3ResTime" : 13337.939999999999,
    "throughput" : 129.34937265554262,
    "receivedKBytesPerSec" : 111.70029918779372,
    "sentKBytesPerSec" : 38.516386274953646
  },
  "Auth" : {
    "transaction" : "Auth",
    "sampleCount" : 1000,
    "errorCount" : 1,
    "errorPct" : 0.1,
    "meanResTime" : 6788.167999999994,
    "medianResTime" : 6579.5,
    "minResTime" : 2428.0,
    "maxResTime" : 22575.0,
    "pct1ResTime" : 12736.5,
    "pct2ResTime" : 13137.9,
    "pct3ResTime" : 13645.59,
    "throughput" : 44.18327221314011,
    "receivedKBytesPerSec" : 33.70721989186144,
    "sentKBytesPerSec" : 10.776144760968497
  },
  "GetBooking" : {
    "transaction" : "GetBooking",
    "sampleCount" : 1000,
    "errorCount" : 0,
    "errorPct" : 0.0,
    "meanResTime" : 377.40300000000025,
    "medianResTime" : 328.0,
    "minResTime" : 274.0,
    "maxResTime" : 1990.0,
    "pct1ResTime" : 448.0,
    "pct2ResTime" : 470.0,
    "pct3ResTime" : 1318.99,
    "throughput" : 50.57657293141816,
    "receivedKBytesPerSec" : 45.53116465203318,
    "sentKBytesPerSec" : 9.878236900667611
  },
  "CreateBooking" : {
    "transaction" : "CreateBooking",
    "sampleCount" : 1000,
    "errorCount" : 0,
    "errorPct" : 0.0,
    "meanResTime" : 400.2680000000004,
    "medianResTime" : 321.0,
    "minResTime" : 271.0,
    "maxResTime" : 2157.0,
    "pct1ResTime" : 449.0,
    "pct2ResTime" : 1170.8999999999999,
    "pct3ResTime" : 1340.9,
    "throughput" : 50.24873121953671,
    "receivedKBytesPerSec" : 46.60707219486458,
    "sentKBytesPerSec" : 22.81802736043415
  }
}