{
  "Total" : {
    "transaction" : "Total",
    "sampleCount" : 300,
    "errorCount" : 0,
    "errorPct" : 0.0,
    "meanResTime" : 837.9499999999997,
    "medianResTime" : 330.5,
    "minResTime" : 285.0,
    "maxResTime" : 4084.0,
    "pct1ResTime" : 1909.8000000000004,
    "pct2ResTime" : 2632.7,
    "pct3ResTime" : 3917.4400000000005,
    "throughput" : 62.34413965087282,
    "receivedKBytesPerSec" : 53.58105387572734,
    "sentKBytesPerSec" : 18.56929940773067
  },
  "Auth" : {
    "transaction" : "Auth",
    "sampleCount" : 100,
    "errorCount" : 0,
    "errorPct" : 0.0,
    "meanResTime" : 1889.4199999999998,
    "medianResTime" : 1695.0,
    "minResTime" : 1174.0,
    "maxResTime" : 4084.0,
    "pct1ResTime" : 3003.900000000001,
    "pct2ResTime" : 3775.6499999999996,
    "pct3ResTime" : 4082.3399999999992,
    "throughput" : 23.674242424242426,
    "receivedKBytesPerSec" : 17.933238636363637,
    "sentKBytesPerSec" : 5.7798443418560606
  },
  "GetBooking" : {
    "transaction" : "GetBooking",
    "sampleCount" : 100,
    "errorCount" : 0,
    "errorPct" : 0.0,
    "meanResTime" : 313.55000000000007,
    "medianResTime" : 310.0,
    "minResTime" : 285.0,
    "maxResTime" : 353.0,
    "pct1ResTime" : 339.70000000000005,
    "pct2ResTime" : 346.0,
    "pct3ResTime" : 352.96,
    "throughput" : 39.30817610062893,
    "receivedKBytesPerSec" : 35.23302378144654,
    "sentKBytesPerSec" : 7.677378144654088
  },
  "CreateBooking" : {
    "transaction" : "CreateBooking",
    "sampleCount" : 100,
    "errorCount" : 0,
    "errorPct" : 0.0,
    "meanResTime" : 310.8800000000001,
    "medianResTime" : 303.0,
    "minResTime" : 285.0,
    "maxResTime" : 345.0,
    "pct1ResTime" : 339.0,
    "pct2ResTime" : 340.0,
    "pct3ResTime" : 344.96999999999997,
    "throughput" : 37.90750568612585,
    "receivedKBytesPerSec" : 35.04519285443518,
    "sentKBytesPerSec" : 17.213857562547386
  }
}