{
  "Total" : {
    "transaction" : "Total",
    "sampleCount" : 1500,
    "errorCount" : 0,
    "errorPct" : 0.0,
    "meanResTime" : 1560.8206666666665,
    "medianResTime" : 299.0,
    "minResTime" : 271.0,
    "maxResTime" : 13384.0,
    "pct1ResTime" : 4481.400000000001,
    "pct2ResTime" : 6070.85,
    "pct3ResTime" : 6868.84,
    "throughput" : 107.34988907178129,
    "receivedKBytesPerSec" : 92.46347867315536,
    "sentKBytesPerSec" : 31.97433219423173
  },
  "Auth" : {
    "transaction" : "Auth",
    "sampleCount" : 500,
    "errorCount" : 0,
    "errorPct" : 0.0,
    "meanResTime" : 4049.616000000002,
    "medianResTime" : 3640.5,
    "minResTime" : 1592.0,
    "maxResTime" : 13384.0,
    "pct1ResTime" : 6309.5,
    "pct2ResTime" : 6666.049999999999,
    "pct3ResTime" : 7592.780000000004,
    "throughput" : 37.28838839585353,
    "receivedKBytesPerSec" : 28.307130472070995,
    "sentKBytesPerSec" : 9.103610448206428
  },
  "GetBooking" : {
    "transaction" : "GetBooking",
    "sampleCount" : 500,
    "errorCount" : 0,
    "errorPct" : 0.0,
    "meanResTime" : 319.01800000000003,
    "medianResTime" : 287.5,
    "minResTime" : 271.0,
    "maxResTime" : 1076.0,
    "pct1ResTime" : 332.90000000000003,
    "pct2ResTime" : 346.95,
    "pct3ResTime" : 1047.98,
    "throughput" : 43.894302519532964,
    "receivedKBytesPerSec" : 39.414683192871564,
    "sentKBytesPerSec" : 8.573105960846283
  },
  "CreateBooking" : {
    "transaction" : "CreateBooking",
    "sampleCount" : 500,
    "errorCount" : 0,
    "errorPct" : 0.0,
    "meanResTime" : 313.82800000000026,
    "medianResTime" : 285.0,
    "minResTime" : 272.0,
    "maxResTime" : 1136.0,
    "pct1ResTime" : 316.0,
    "pct2ResTime" : 327.0,
    "pct3ResTime" : 1090.95,
    "throughput" : 43.73687893631911,
    "receivedKBytesPerSec" : 40.53964474720084,
    "sentKBytesPerSec" : 19.860985063855843
  }
}