{
  "Total" : {
    "transaction" : "Total",
    "sampleCount" : 900,
    "errorCount" : 0,
    "errorPct" : 0.0,
    "meanResTime" : 1349.35,
    "medianResTime" : 289.0,
    "minResTime" : 270.0,
    "maxResTime" : 6729.0,
    "pct1ResTime" : 4082.2999999999997,
    "pct2ResTime" : 4336.0,
    "pct3ResTime" : 4676.7300000000005,
    "throughput" : 120.24048096192384,
    "receivedKBytesPerSec" : 103.39585420841684,
    "sentKBytesPerSec" : 35.81381513026052
  },
  "Auth" : {
    "transaction" : "Auth",
    "sampleCount" : 300,
    "errorCount" : 0,
    "errorPct" : 0.0,
    "meanResTime" : 3475.6266666666666,
    "medianResTime" : 3889.0,
    "minResTime" : 1417.0,
    "maxResTime" : 6729.0,
    "pct1ResTime" : 4398.7,
    "pct2ResTime" : 4541.4,
    "pct3ResTime" : 4829.050000000001,
    "throughput" : 43.31504475887958,
    "receivedKBytesPerSec" : 32.85626624314178,
    "sentKBytesPerSec" : 10.574962099335835
  },
  "GetBooking" : {
    "transaction" : "GetBooking",
    "sampleCount" : 300,
    "errorCount" : 0,
    "errorPct" : 0.0,
    "meanResTime" : 287.6766666666665,
    "medianResTime" : 285.0,
    "minResTime" : 270.0,
    "maxResTime" : 329.0,
    "pct1ResTime" : 299.90000000000003,
    "pct2ResTime" : 309.84999999999997,
    "pct3ResTime" : 321.97,
    "throughput" : 57.1864277544796,
    "receivedKBytesPerSec" : 51.2369543461685,
    "sentKBytesPerSec" : 11.169224170796797
  },
  "CreateBooking" : {
    "transaction" : "CreateBooking",
    "sampleCount" : 300,
    "errorCount" : 0,
    "errorPct" : 0.0,
    "meanResTime" : 284.74666666666656,
    "medianResTime" : 283.0,
    "minResTime" : 270.0,
    "maxResTime" : 327.0,
    "pct1ResTime" : 296.0,
    "pct2ResTime" : 302.0,
    "pct3ResTime" : 319.98,
    "throughput" : 56.92599620493358,
    "receivedKBytesPerSec" : 52.66914729601518,
    "sentKBytesPerSec" : 25.850183823529413
  }
}