{
  "Total" : {
    "transaction" : "Total",
    "sampleCount" : 600,
    "errorCount" : 0,
    "errorPct" : 0.0,
    "meanResTime" : 1060.634999999999,
    "medianResTime" : 289.0,
    "minResTime" : 271.0,
    "maxResTime" : 4346.0,
    "pct1ResTime" : 3323.9,
    "pct2ResTime" : 3773.249999999999,
    "pct3ResTime" : 4089.67,
    "throughput" : 114.61318051575932,
    "receivedKBytesPerSec" : 98.79715854823304,
    "sentKBytesPerSec" : 34.137714899713465
  },
  "Auth" : {
    "transaction" : "Auth",
    "sampleCount" : 200,
    "errorCount" : 0,
    "errorPct" : 0.0,
    "meanResTime" : 2603.3400000000006,
    "medianResTime" : 2512.0,
    "minResTime" : 1117.0,
    "maxResTime" : 4346.0,
    "pct1ResTime" : 3899.0,
    "pct2ResTime" : 3993.0499999999997,
    "pct3ResTime" : 4332.96,
    "throughput" : 45.97701149425287,
    "receivedKBytesPerSec" : 34.92816091954023,
    "sentKBytesPerSec" : 11.22485632183908
  },
  "GetBooking" : {
    "transaction" : "GetBooking",
    "sampleCount" : 200,
    "errorCount" : 0,
    "errorPct" : 0.0,
    "meanResTime" : 285.8499999999998,
    "medianResTime" : 284.0,
    "minResTime" : 271.0,
    "maxResTime" : 311.0,
    "pct1ResTime" : 297.9,
    "pct2ResTime" : 303.0,
    "pct3ResTime" : 311.0,
    "throughput" : 65.7030223390276,
    "receivedKBytesPerSec" : 59.11090464848883,
    "sentKBytesPerSec" : 12.832621550591327
  },
  "CreateBooking" : {
    "transaction" : "CreateBooking",
    "sampleCount" : 200,
    "errorCount" : 0,
    "errorPct" : 0.0,
    "meanResTime" : 292.71499999999986,
    "medianResTime" : 284.0,
    "minResTime" : 271.0,
    "maxResTime" : 1070.0,
    "pct1ResTime" : 295.0,
    "pct2ResTime" : 298.95,
    "pct3ResTime" : 1053.5400000000068,
    "throughput" : 65.31678641410844,
    "receivedKBytesPerSec" : 60.5264635042456,
    "sentKBytesPerSec" : 29.66045476812541
  }
}